Gene,Cell_Line,Scrm_Normalized,siRNA_Normalized,Remaining_%,Knockdown_%
BRCA1,HeLa,1.0,0.12762651571339925,12.762651571339925,87.23734842866007
BRCA1,U2OS,1.0,0.21464135910943916,21.464135910943916,78.53586408905608
PTEN,HeLa,1.0,0.11343989441464476,11.343989441464476,88.65601055853553
PTEN,U2OS,1.0,0.11744034365175135,11.744034365175136,88.25596563482486
TP53,HeLa,1.0,0.16154410382968704,16.154410382968702,83.8455896170313
TP53,U2OS,1.0,0.1582195742462846,15.82195742462846,84.17804257537153
